{
  "f1_hz": 914807426.4526367,
  "f2_hz": 915307464.5996094,
  "fim3_low_hz": 914307388.3056641,
  "fim3_high_hz": 915807502.746582,
  "p1_db": 65.49320983886719,
  "p2_db": 64.76611328125,
  "pim3l_db": 25.68128776550293,
  "pim3h_db": 24.883472442626953,
  "pfund_db": 65.1296615600586,
  "pim3_db": 25.28238010406494,
  "delta_db": 39.84728145599365,
  "oip3_rel_db": 85.05330228805542,
  "fc_hz": 915000000.0,
  "fs_hz": 2000000.0,
  "f1_nom_hz": 914750000.0,
  "f2_nom_hz": 915250000.0,
  "f1_meas_hz": 914807426.4526367,
  "f2_meas_hz": 915307464.5996094,
  "p1_meas_db": 65.49320983886719,
  "p2_meas_db": 64.76611328125,
  "expected_sep_hz": 500000.0,
  "measured_sep_hz": 500038.14697265625,
  "sep_err_hz": 38.14697265625,
  "tone_center_hz": 915057445.526123,
  "center_err_hz": 57445.526123046875,
  "exclude_fc_hz": 150000.0,
  "search_window_hz": 250000.0
}