{
  "f1_hz": 914808288.5742188,
  "f2_hz": 915308319.0917969,
  "fim3_low_hz": 914308258.0566406,
  "fim3_high_hz": 915808349.609375,
  "p1_db": 50.002296447753906,
  "p2_db": 48.75304412841797,
  "pim3l_db": 9.912125587463379,
  "pim3h_db": 8.257472038269043,
  "pfund_db": 49.37767028808594,
  "pim3_db": 9.084798812866211,
  "delta_db": 40.29287147521973,
  "oip3_rel_db": 69.5241060256958,
  "fc_hz": 915000000.0,
  "fs_hz": 2000000.0,
  "f1_nom_hz": 914750000.0,
  "f2_nom_hz": 915250000.0,
  "f1_meas_hz": 914808288.5742188,
  "f2_meas_hz": 915308319.0917969,
  "p1_meas_db": 50.002296447753906,
  "p2_meas_db": 48.75304412841797,
  "expected_sep_hz": 500000.0,
  "measured_sep_hz": 500030.517578125,
  "sep_err_hz": 30.517578125,
  "tone_center_hz": 915058303.8330078,
  "center_err_hz": 58303.8330078125,
  "exclude_fc_hz": 150000.0,
  "search_window_hz": 250000.0
}