{
  "f1_hz": 914808288.5742188,
  "f2_hz": 915308326.7211914,
  "fim3_low_hz": 914308250.4272461,
  "fim3_high_hz": 915808364.8681641,
  "p1_db": 54.04376983642578,
  "p2_db": 53.289215087890625,
  "pim3l_db": 14.758232116699219,
  "pim3h_db": 13.043574333190918,
  "pfund_db": 53.6664924621582,
  "pim3_db": 13.900903224945068,
  "delta_db": 39.765589237213135,
  "oip3_rel_db": 73.54928708076477,
  "fc_hz": 915000000.0,
  "fs_hz": 2000000.0,
  "f1_nom_hz": 914750000.0,
  "f2_nom_hz": 915250000.0,
  "f1_meas_hz": 914808288.5742188,
  "f2_meas_hz": 915308326.7211914,
  "p1_meas_db": 54.04376983642578,
  "p2_meas_db": 53.289215087890625,
  "expected_sep_hz": 500000.0,
  "measured_sep_hz": 500038.14697265625,
  "sep_err_hz": 38.14697265625,
  "tone_center_hz": 915058307.6477051,
  "center_err_hz": 58307.647705078125,
  "exclude_fc_hz": 150000.0,
  "search_window_hz": 250000.0
}