{
  "f1_hz": 914807846.0693359,
  "f2_hz": 915307876.5869141,
  "fim3_low_hz": 914307815.5517578,
  "fim3_high_hz": 915807907.1044922,
  "p1_db": 33.898067474365234,
  "p2_db": 32.94423294067383,
  "pim3l_db": 9.962662696838379,
  "pim3h_db": 6.5236897468566895,
  "pfund_db": 33.42115020751953,
  "pim3_db": 8.243176221847534,
  "delta_db": 25.177973985671997,
  "oip3_rel_db": 46.01013720035553,
  "fc_hz": 915000000.0,
  "fs_hz": 2000000.0,
  "f1_nom_hz": 914750000.0,
  "f2_nom_hz": 915250000.0,
  "f1_meas_hz": 914807846.0693359,
  "f2_meas_hz": 915307876.5869141,
  "p1_meas_db": 33.898067474365234,
  "p2_meas_db": 32.94423294067383,
  "expected_sep_hz": 500000.0,
  "measured_sep_hz": 500030.517578125,
  "sep_err_hz": 30.517578125,
  "tone_center_hz": 915057861.328125,
  "center_err_hz": 57861.328125,
  "exclude_fc_hz": 150000.0,
  "search_window_hz": 250000.0
}