{
  "f1_hz": 914808151.2451172,
  "f2_hz": 915308181.7626953,
  "fim3_low_hz": 914308120.7275391,
  "fim3_high_hz": 915808212.2802734,
  "p1_db": 53.89897155761719,
  "p2_db": 53.22270965576172,
  "pim3l_db": 14.478310585021973,
  "pim3h_db": 13.492559432983398,
  "pfund_db": 53.56084060668945,
  "pim3_db": 13.985435009002686,
  "delta_db": 39.57540559768677,
  "oip3_rel_db": 73.34854340553284,
  "fc_hz": 915000000.0,
  "fs_hz": 2000000.0,
  "f1_nom_hz": 914750000.0,
  "f2_nom_hz": 915250000.0,
  "f1_meas_hz": 914808151.2451172,
  "f2_meas_hz": 915308181.7626953,
  "p1_meas_db": 53.89897155761719,
  "p2_meas_db": 53.22270965576172,
  "expected_sep_hz": 500000.0,
  "measured_sep_hz": 500030.517578125,
  "sep_err_hz": 30.517578125,
  "tone_center_hz": 915058166.5039062,
  "center_err_hz": 58166.50390625,
  "exclude_fc_hz": 150000.0,
  "search_window_hz": 250000.0
}