{
  "f1_hz": 914806350.7080078,
  "f2_hz": 915306381.2255859,
  "fim3_low_hz": 914306320.1904297,
  "fim3_high_hz": 915806411.7431641,
  "p1_db": 70.3704605102539,
  "p2_db": 69.4388427734375,
  "pim3l_db": 24.783836364746094,
  "pim3h_db": 24.35577392578125,
  "pfund_db": 69.9046516418457,
  "pim3_db": 24.569805145263672,
  "delta_db": 45.33484649658203,
  "oip3_rel_db": 92.57207489013672,
  "fc_hz": 915000000.0,
  "fs_hz": 2000000.0,
  "f1_nom_hz": 914750000.0,
  "f2_nom_hz": 915250000.0,
  "f1_meas_hz": 914806350.7080078,
  "f2_meas_hz": 915306381.2255859,
  "p1_meas_db": 70.3704605102539,
  "p2_meas_db": 69.4388427734375,
  "expected_sep_hz": 500000.0,
  "measured_sep_hz": 500030.517578125,
  "sep_err_hz": 30.517578125,
  "tone_center_hz": 915056365.9667969,
  "center_err_hz": 56365.966796875,
  "exclude_fc_hz": 150000.0,
  "search_window_hz": 250000.0
}