{
  "f1_hz": 914806350.7080078,
  "f2_hz": 915306381.2255859,
  "fim3_low_hz": 914306320.1904297,
  "fim3_high_hz": 915806411.7431641,
  "p1_db": 65.98910522460938,
  "p2_db": 65.07544708251953,
  "pim3l_db": 20.432064056396484,
  "pim3h_db": 20.08772850036621,
  "pfund_db": 65.53227615356445,
  "pim3_db": 20.259896278381348,
  "delta_db": 45.272379875183105,
  "oip3_rel_db": 88.168466091156,
  "fc_hz": 915000000.0,
  "fs_hz": 2000000.0,
  "f1_nom_hz": 914750000.0,
  "f2_nom_hz": 915250000.0,
  "f1_meas_hz": 914806350.7080078,
  "f2_meas_hz": 915306381.2255859,
  "p1_meas_db": 65.98910522460938,
  "p2_meas_db": 65.07544708251953,
  "expected_sep_hz": 500000.0,
  "measured_sep_hz": 500030.517578125,
  "sep_err_hz": 30.517578125,
  "tone_center_hz": 915056365.9667969,
  "center_err_hz": 56365.966796875,
  "exclude_fc_hz": 150000.0,
  "search_window_hz": 250000.0
}