{
  "f1_hz": 914807090.7592773,
  "f2_hz": 915307121.2768555,
  "fim3_low_hz": 914307060.2416992,
  "fim3_high_hz": 915807151.7944336,
  "p1_db": 72.34428405761719,
  "p2_db": 71.29238891601562,
  "pim3l_db": 31.36252212524414,
  "pim3h_db": 30.83234977722168,
  "pfund_db": 71.8183364868164,
  "pim3_db": 31.09743595123291,
  "delta_db": 40.720900535583496,
  "oip3_rel_db": 92.17878675460815,
  "fc_hz": 915000000.0,
  "fs_hz": 2000000.0,
  "f1_nom_hz": 914750000.0,
  "f2_nom_hz": 915250000.0,
  "f1_meas_hz": 914807090.7592773,
  "f2_meas_hz": 915307121.2768555,
  "p1_meas_db": 72.34428405761719,
  "p2_meas_db": 71.29238891601562,
  "expected_sep_hz": 500000.0,
  "measured_sep_hz": 500030.517578125,
  "sep_err_hz": 30.517578125,
  "tone_center_hz": 915057106.0180664,
  "center_err_hz": 57106.01806640625,
  "exclude_fc_hz": 150000.0,
  "search_window_hz": 250000.0
}