{
  "f1_hz": 914807052.6123047,
  "f2_hz": 915307083.1298828,
  "fim3_low_hz": 914307022.0947266,
  "fim3_high_hz": 915807113.6474609,
  "p1_db": 53.49736785888672,
  "p2_db": 51.98253631591797,
  "pim3l_db": 14.507547378540039,
  "pim3h_db": 12.27287483215332,
  "pfund_db": 52.739952087402344,
  "pim3_db": 13.39021110534668,
  "delta_db": 39.349740982055664,
  "oip3_rel_db": 72.41482257843018,
  "fc_hz": 915000000.0,
  "fs_hz": 2000000.0,
  "f1_nom_hz": 914750000.0,
  "f2_nom_hz": 915250000.0,
  "f1_meas_hz": 914807052.6123047,
  "f2_meas_hz": 915307083.1298828,
  "p1_meas_db": 53.49736785888672,
  "p2_meas_db": 51.98253631591797,
  "expected_sep_hz": 500000.0,
  "measured_sep_hz": 500030.517578125,
  "sep_err_hz": 30.517578125,
  "tone_center_hz": 915057067.8710938,
  "center_err_hz": 57067.87109375,
  "exclude_fc_hz": 150000.0,
  "search_window_hz": 250000.0
}