{
  "f1_hz": 914807685.8520508,
  "f2_hz": 915307723.9990234,
  "fim3_low_hz": 914307647.7050781,
  "fim3_high_hz": 915807762.1459961,
  "p1_db": 36.346248626708984,
  "p2_db": 35.47683334350586,
  "pim3l_db": 10.821388244628906,
  "pim3h_db": 6.587510108947754,
  "pfund_db": 35.91154098510742,
  "pim3_db": 8.70444917678833,
  "delta_db": 27.207091808319092,
  "oip3_rel_db": 49.51508688926697,
  "fc_hz": 915000000.0,
  "fs_hz": 2000000.0,
  "f1_nom_hz": 914750000.0,
  "f2_nom_hz": 915250000.0,
  "f1_meas_hz": 914807685.8520508,
  "f2_meas_hz": 915307723.9990234,
  "p1_meas_db": 36.346248626708984,
  "p2_meas_db": 35.47683334350586,
  "expected_sep_hz": 500000.0,
  "measured_sep_hz": 500038.14697265625,
  "sep_err_hz": 38.14697265625,
  "tone_center_hz": 915057704.9255371,
  "center_err_hz": 57704.925537109375,
  "exclude_fc_hz": 150000.0,
  "search_window_hz": 250000.0
}