{
  "f1_hz": 914806945.8007812,
  "f2_hz": 915306976.3183594,
  "fim3_low_hz": 914306915.2832031,
  "fim3_high_hz": 915807006.8359375,
  "p1_db": 67.25563049316406,
  "p2_db": 66.2606201171875,
  "pim3l_db": 26.86992835998535,
  "pim3h_db": 25.47304916381836,
  "pfund_db": 66.75812530517578,
  "pim3_db": 26.171488761901855,
  "delta_db": 40.586636543273926,
  "oip3_rel_db": 87.05144357681274,
  "fc_hz": 915000000.0,
  "fs_hz": 2000000.0,
  "f1_nom_hz": 914750000.0,
  "f2_nom_hz": 915250000.0,
  "f1_meas_hz": 914806945.8007812,
  "f2_meas_hz": 915306976.3183594,
  "p1_meas_db": 67.25563049316406,
  "p2_meas_db": 66.2606201171875,
  "expected_sep_hz": 500000.0,
  "measured_sep_hz": 500030.517578125,
  "sep_err_hz": 30.517578125,
  "tone_center_hz": 915056961.0595703,
  "center_err_hz": 56961.0595703125,
  "exclude_fc_hz": 150000.0,
  "search_window_hz": 250000.0
}