{
  "f1_hz": 914750000.0,
  "f2_hz": 915250000.0,
  "fim3_low_hz": 914250000.0,
  "fim3_high_hz": 915750000.0,
  "p1_db": 24.76578140258789,
  "p2_db": 23.727313995361328,
  "pim3l_db": 23.719593048095703,
  "pim3h_db": 24.22344398498535,
  "pfund_db": 24.24654769897461,
  "pim3_db": 23.971518516540527,
  "delta_db": 0.27502918243408203,
  "oip3_rel_db": 24.38406229019165,
  "window_hz": 30000.0
}