{
  "f1_hz": 914808052.0629883,
  "f2_hz": 915058067.3217773,
  "fim3_low_hz": 914558036.8041992,
  "fim3_high_hz": 915308082.5805664,
  "p1_db": 40.79853820800781,
  "p2_db": 55.45789337158203,
  "pim3l_db": 24.637052536010742,
  "pim3h_db": 39.81194305419922,
  "pfund_db": 48.12821578979492,
  "pim3_db": 32.22449779510498,
  "delta_db": 15.903717994689941,
  "oip3_rel_db": 56.08007478713989,
  "window_hz": 30000.0,
  "fc_hz": 915000000.0,
  "fs_hz": 2000000.0,
  "f1_nom_hz": 914750000.0,
  "f2_nom_hz": 915250000.0,
  "f1_meas_hz": 914808052.0629883,
  "f2_meas_hz": 915058067.3217773,
  "p1_meas_db": 40.79853820800781,
  "p2_meas_db": 55.45789337158203,
  "f_center_hz": 914933059.6923828,
  "center_shift_hz": -66940.3076171875,
  "search_window_hz": 200000.0,
  "peak_window_hz": 30000.0
}