{
  "f1_hz": 914760009.765625,
  "f2_hz": 915240753.1738281,
  "fim3_low_hz": 914279266.3574219,
  "fim3_high_hz": 915721496.5820312,
  "p1_db": 5.30926513671875,
  "p2_db": 5.3372883796691895,
  "pim3l_db": 7.0683674812316895,
  "pim3h_db": 6.722788333892822,
  "pfund_db": 5.32327675819397,
  "pim3_db": 6.895577907562256,
  "delta_db": -1.5723011493682861,
  "oip3_rel_db": 4.537126183509827,
  "fc_hz": 915000000.0,
  "fs_hz": 2000000.0,
  "f1_nom_hz": 914750000.0,
  "f2_nom_hz": 915250000.0,
  "f1_meas_hz": 914760009.765625,
  "f2_meas_hz": 915240753.1738281,
  "p1_meas_db": 5.191387176513672,
  "p2_meas_db": 4.791562080383301,
  "expected_sep_hz": 500000.0,
  "measured_sep_hz": 480743.408203125,
  "sep_err_hz": 19256.591796875,
  "tone_center_hz": 915000381.4697266,
  "center_err_hz": 381.4697265625,
  "exclude_fc_hz": 150000.0,
  "search_window_hz": 250000.0
}