{
  "f1_hz": 914808052.0629883,
  "f2_hz": 915308082.5805664,
  "fim3_low_hz": 914308021.5454102,
  "fim3_high_hz": 915808113.0981445,
  "p1_db": 40.79853820800781,
  "p2_db": 39.81194305419922,
  "pim3l_db": 24.316347122192383,
  "pim3h_db": 24.08502960205078,
  "pfund_db": 40.305240631103516,
  "pim3_db": 24.200688362121582,
  "delta_db": 16.104552268981934,
  "oip3_rel_db": 48.35751676559448,
  "fc_hz": 915000000.0,
  "fs_hz": 2000000.0,
  "f1_nom_hz": 914750000.0,
  "f2_nom_hz": 915250000.0,
  "f1_meas_hz": 914808052.0629883,
  "f2_meas_hz": 915308082.5805664,
  "p1_meas_db": 40.79853820800781,
  "p2_meas_db": 39.81194305419922,
  "expected_sep_hz": 500000.0,
  "measured_sep_hz": 500030.517578125,
  "sep_err_hz": 30.517578125,
  "tone_center_hz": 915058067.3217773,
  "center_err_hz": 58067.32177734375,
  "exclude_fc_hz": 150000.0,
  "search_window_hz": 250000.0
}