{
  "f1_hz": 914665992.7368164,
  "f2_hz": 915158050.5371094,
  "fim3_low_hz": 914173934.9365234,
  "fim3_high_hz": 915650108.3374023,
  "p1_db": 8.715682983398438,
  "p2_db": 8.214882850646973,
  "pim3l_db": 8.288871765136719,
  "pim3h_db": 10.282873153686523,
  "pfund_db": 8.465282917022705,
  "pim3_db": 9.285872459411621,
  "delta_db": -0.820589542388916,
  "oip3_rel_db": 8.054988145828247,
  "fc_hz": 915000000.0,
  "fs_hz": 2000000.0,
  "f1_nom_hz": 914750000.0,
  "f2_nom_hz": 915250000.0,
  "f1_meas_hz": 914665992.7368164,
  "f2_meas_hz": 915158050.5371094,
  "p1_meas_db": 8.715682983398438,
  "p2_meas_db": 8.214882850646973,
  "expected_sep_hz": 500000.0,
  "measured_sep_hz": 492057.80029296875,
  "sep_err_hz": 7942.19970703125,
  "tone_center_hz": 914912021.6369629,
  "center_err_hz": 87978.36303710938,
  "exclude_fc_hz": 150000.0,
  "search_window_hz": 250000.0
}