{
  "f1_hz": 914807495.1171875,
  "f2_hz": 915307525.6347656,
  "fim3_low_hz": 914307464.5996094,
  "fim3_high_hz": 915807556.1523438,
  "p1_db": 13.671866416931152,
  "p2_db": 13.064888954162598,
  "pim3l_db": 11.996689796447754,
  "pim3h_db": 7.86541748046875,
  "pfund_db": 13.368377685546875,
  "pim3_db": 9.931053638458252,
  "delta_db": 3.437324047088623,
  "oip3_rel_db": 15.087039709091187,
  "fc_hz": 915000000.0,
  "fs_hz": 2000000.0,
  "f1_nom_hz": 914750000.0,
  "f2_nom_hz": 915250000.0,
  "f1_meas_hz": 914807495.1171875,
  "f2_meas_hz": 915307525.6347656,
  "p1_meas_db": 13.671866416931152,
  "p2_meas_db": 13.064888954162598,
  "expected_sep_hz": 500000.0,
  "measured_sep_hz": 500030.517578125,
  "sep_err_hz": 30.517578125,
  "tone_center_hz": 915057510.3759766,
  "center_err_hz": 57510.3759765625,
  "exclude_fc_hz": 150000.0,
  "search_window_hz": 250000.0
}