{
  "f1_hz": 914807380.6762695,
  "f2_hz": 915307411.1938477,
  "fim3_low_hz": 914307350.1586914,
  "fim3_high_hz": 915807441.7114258,
  "p1_db": 23.921390533447266,
  "p2_db": 23.0870418548584,
  "pim3l_db": 11.896661758422852,
  "pim3h_db": 7.475327491760254,
  "pfund_db": 23.504216194152832,
  "pim3_db": 9.685994625091553,
  "delta_db": 13.81822156906128,
  "oip3_rel_db": 30.41332697868347,
  "fc_hz": 915000000.0,
  "fs_hz": 2000000.0,
  "f1_nom_hz": 914750000.0,
  "f2_nom_hz": 915250000.0,
  "f1_meas_hz": 914807380.6762695,
  "f2_meas_hz": 915307411.1938477,
  "p1_meas_db": 23.921390533447266,
  "p2_meas_db": 23.0870418548584,
  "expected_sep_hz": 500000.0,
  "measured_sep_hz": 500030.517578125,
  "sep_err_hz": 30.517578125,
  "tone_center_hz": 915057395.9350586,
  "center_err_hz": 57395.93505859375,
  "exclude_fc_hz": 150000.0,
  "search_window_hz": 250000.0
}