{
  "f1_hz": 914807342.5292969,
  "f2_hz": 915307373.046875,
  "fim3_low_hz": 914307312.0117188,
  "fim3_high_hz": 915807403.5644531,
  "p1_db": 32.09047317504883,
  "p2_db": 31.58949851989746,
  "pim3l_db": 10.83413314819336,
  "pim3h_db": 7.639663219451904,
  "pfund_db": 31.839985847473145,
  "pim3_db": 9.236898183822632,
  "delta_db": 22.603087663650513,
  "oip3_rel_db": 43.1415296792984,
  "fc_hz": 915000000.0,
  "fs_hz": 2000000.0,
  "f1_nom_hz": 914750000.0,
  "f2_nom_hz": 915250000.0,
  "f1_meas_hz": 914807342.5292969,
  "f2_meas_hz": 915307373.046875,
  "p1_meas_db": 32.09047317504883,
  "p2_meas_db": 31.58949851989746,
  "expected_sep_hz": 500000.0,
  "measured_sep_hz": 500030.517578125,
  "sep_err_hz": 30.517578125,
  "tone_center_hz": 915057357.7880859,
  "center_err_hz": 57357.7880859375,
  "exclude_fc_hz": 150000.0,
  "search_window_hz": 250000.0
}