{
  "f1_hz": 914807373.046875,
  "f2_hz": 915307403.5644531,
  "fim3_low_hz": 914307342.5292969,
  "fim3_high_hz": 915807434.0820312,
  "p1_db": 65.88337707519531,
  "p2_db": 64.84432220458984,
  "pim3l_db": 26.333637237548828,
  "pim3h_db": 24.681978225708008,
  "pfund_db": 65.36384963989258,
  "pim3_db": 25.507807731628418,
  "delta_db": 39.85604190826416,
  "oip3_rel_db": 85.29187059402466,
  "fc_hz": 915000000.0,
  "fs_hz": 2000000.0,
  "f1_nom_hz": 914750000.0,
  "f2_nom_hz": 915250000.0,
  "f1_meas_hz": 914807373.046875,
  "f2_meas_hz": 915307403.5644531,
  "p1_meas_db": 65.88337707519531,
  "p2_meas_db": 64.84432220458984,
  "expected_sep_hz": 500000.0,
  "measured_sep_hz": 500030.517578125,
  "sep_err_hz": 30.517578125,
  "tone_center_hz": 915057388.3056641,
  "center_err_hz": 57388.3056640625,
  "exclude_fc_hz": 150000.0,
  "search_window_hz": 250000.0
}