{
  "f1_hz": 914807594.2993164,
  "f2_hz": 915307624.8168945,
  "fim3_low_hz": 914307563.7817383,
  "fim3_high_hz": 915807655.3344727,
  "p1_db": 76.52006530761719,
  "p2_db": 75.69805908203125,
  "pim3l_db": 36.45085906982422,
  "pim3h_db": 35.77901077270508,
  "pfund_db": 76.10906219482422,
  "pim3_db": 36.11493492126465,
  "delta_db": 39.99412727355957,
  "oip3_rel_db": 96.106125831604,
  "fc_hz": 915000000.0,
  "fs_hz": 2000000.0,
  "f1_nom_hz": 914750000.0,
  "f2_nom_hz": 915250000.0,
  "f1_meas_hz": 914807594.2993164,
  "f2_meas_hz": 915307624.8168945,
  "p1_meas_db": 76.52006530761719,
  "p2_meas_db": 75.69805908203125,
  "expected_sep_hz": 500000.0,
  "measured_sep_hz": 500030.517578125,
  "sep_err_hz": 30.517578125,
  "tone_center_hz": 915057609.5581055,
  "center_err_hz": 57609.55810546875,
  "exclude_fc_hz": 150000.0,
  "search_window_hz": 250000.0
}