{
  "f1_hz": 914807548.5229492,
  "f2_hz": 915307579.0405273,
  "fim3_low_hz": 914307518.0053711,
  "fim3_high_hz": 915807609.5581055,
  "p1_db": 56.42029571533203,
  "p2_db": 55.450111389160156,
  "pim3l_db": 16.0297908782959,
  "pim3h_db": 15.134063720703125,
  "pfund_db": 55.935203552246094,
  "pim3_db": 15.581927299499512,
  "delta_db": 40.35327625274658,
  "oip3_rel_db": 76.11184167861938,
  "fc_hz": 915000000.0,
  "fs_hz": 2000000.0,
  "f1_nom_hz": 914750000.0,
  "f2_nom_hz": 915250000.0,
  "f1_meas_hz": 914807548.5229492,
  "f2_meas_hz": 915307579.0405273,
  "p1_meas_db": 56.42029571533203,
  "p2_meas_db": 55.450111389160156,
  "expected_sep_hz": 500000.0,
  "measured_sep_hz": 500030.517578125,
  "sep_err_hz": 30.517578125,
  "tone_center_hz": 915057563.7817383,
  "center_err_hz": 57563.78173828125,
  "exclude_fc_hz": 150000.0,
  "search_window_hz": 250000.0
}